{
    "train": {
        "r2": 1.0
    },
    "test": {
        "r2": 0.9601276899917996,
        "mae": 0.6593442622950819
    }
}
